Student Name,Lesson Name,Score,Date
student1,Pasted Content,1/5,2025-05-06 20:08:54
student1,Pasted Content,1/3,2025-05-09 11:15:22
student1,Pasted Content,1/3,2025-05-09 11:15:29
student1,Pasted Content,1/3,2025-05-13 20:03:10
student1,Pasted Content,2/3,2025-05-13 20:03:57
student1,Pasted Content,2/3,2025-05-13 20:05:11
student1,Pasted Content,2/3,2025-05-13 20:05:20
student1,Pasted Content,0/5,2025-05-13 20:22:22
student1,Pasted Content,2/5,2025-05-13 20:26:35
student1,Pasted Content,2/5,2025-05-13 20:27:58
